ID State,State,ID Year,Year,ID Industry Group,Industry Group,ID Workforce Status,Workforce Status,Average Wage,Slug State
"04000US72","Puerto Rico",2020,"2020","4411","Car Dealers","true","true",25262.858482142856,"puerto-rico"
"04000US01","Alabama",2020,"2020","4411","Car Dealers","true","true",47640.43250788399,"alabama"
"04000US02","Alaska",2020,"2020","4411","Car Dealers","true","true",52611.65194109773,"alaska"
"04000US04","Arizona",2020,"2020","4411","Car Dealers","true","true",59807.0532032216,"arizona"
"04000US05","Arkansas",2020,"2020","4411","Car Dealers","true","true",56431.59037664444,"arkansas"
"04000US06","California",2020,"2020","4411","Car Dealers","true","true",60617.60396399529,"california"
"04000US08","Colorado",2020,"2020","4411","Car Dealers","true","true",57648.79495373462,"colorado"
"04000US09","Connecticut",2020,"2020","4411","Car Dealers","true","true",58205.833445085154,"connecticut"
"04000US10","Delaware",2020,"2020","4411","Car Dealers","true","true",47865.857653925814,"delaware"
"04000US11","District of Columbia",2020,"2020","4411","Car Dealers","true","true",39911.923482849605,"district-of-columbia"
"04000US12","Florida",2020,"2020","4411","Car Dealers","true","true",54050.11926197386,"florida"
"04000US13","Georgia",2020,"2020","4411","Car Dealers","true","true",60663.288095355856,"georgia"
"04000US15","Hawaii",2020,"2020","4411","Car Dealers","true","true",59807.58166068033,"hawaii"
"04000US16","Idaho",2020,"2020","4411","Car Dealers","true","true",51304.33831538949,"idaho"
"04000US17","Illinois",2020,"2020","4411","Car Dealers","true","true",56087.84798084798,"illinois"
"04000US18","Indiana",2020,"2020","4411","Car Dealers","true","true",53317.77850767583,"indiana"
"04000US19","Iowa",2020,"2020","4411","Car Dealers","true","true",48617.118855312634,"iowa"
"04000US20","Kansas",2020,"2020","4411","Car Dealers","true","true",52941.91823899371,"kansas"
"04000US21","Kentucky",2020,"2020","4411","Car Dealers","true","true",52524.32940616446,"kentucky"
"04000US22","Louisiana",2020,"2020","4411","Car Dealers","true","true",56324.73198911292,"louisiana"
"04000US23","Maine",2020,"2020","4411","Car Dealers","true","true",45085.2012805779,"maine"
"04000US24","Maryland",2020,"2020","4411","Car Dealers","true","true",59806.041124978336,"maryland"
"04000US25","Massachusetts",2020,"2020","4411","Car Dealers","true","true",55988.290448752996,"massachusetts"
"04000US26","Michigan",2020,"2020","4411","Car Dealers","true","true",56137.54342407507,"michigan"
"04000US27","Minnesota",2020,"2020","4411","Car Dealers","true","true",54461.857500827384,"minnesota"
"04000US28","Mississippi",2020,"2020","4411","Car Dealers","true","true",50345.00756108806,"mississippi"
"04000US29","Missouri",2020,"2020","4411","Car Dealers","true","true",54797.1896585829,"missouri"
"04000US30","Montana",2020,"2020","4411","Car Dealers","true","true",51778.04287245445,"montana"
"04000US31","Nebraska",2020,"2020","4411","Car Dealers","true","true",60467.33748960931,"nebraska"
"04000US32","Nevada",2020,"2020","4411","Car Dealers","true","true",56876.88833883388,"nevada"
"04000US33","New Hampshire",2020,"2020","4411","Car Dealers","true","true",52849.5663108821,"new-hampshire"
"04000US34","New Jersey",2020,"2020","4411","Car Dealers","true","true",63653.93608028064,"new-jersey"
"04000US35","New Mexico",2020,"2020","4411","Car Dealers","true","true",46150.02697419859,"new-mexico"
"04000US36","New York",2020,"2020","4411","Car Dealers","true","true",55799.848189012766,"new-york"
"04000US37","North Carolina",2020,"2020","4411","Car Dealers","true","true",52101.70516731374,"north-carolina"
"04000US38","North Dakota",2020,"2020","4411","Car Dealers","true","true",46761.59459459459,"north-dakota"
"04000US39","Ohio",2020,"2020","4411","Car Dealers","true","true",54399.29534616017,"ohio"
"04000US40","Oklahoma",2020,"2020","4411","Car Dealers","true","true",54751.64757876129,"oklahoma"
"04000US41","Oregon",2020,"2020","4411","Car Dealers","true","true",63102.282763975156,"oregon"
"04000US42","Pennsylvania",2020,"2020","4411","Car Dealers","true","true",51134.459290574996,"pennsylvania"
"04000US44","Rhode Island",2020,"2020","4411","Car Dealers","true","true",52968.67761667422,"rhode-island"
"04000US45","South Carolina",2020,"2020","4411","Car Dealers","true","true",50606.435200080436,"south-carolina"
"04000US46","South Dakota",2020,"2020","4411","Car Dealers","true","true",57799.05319880761,"south-dakota"
"04000US47","Tennessee",2020,"2020","4411","Car Dealers","true","true",52567.63820851143,"tennessee"
"04000US48","Texas",2020,"2020","4411","Car Dealers","true","true",57267.272222787906,"texas"
"04000US49","Utah",2020,"2020","4411","Car Dealers","true","true",58640.87870797627,"utah"
"04000US50","Vermont",2020,"2020","4411","Car Dealers","true","true",60728.15470228158,"vermont"
"04000US51","Virginia",2020,"2020","4411","Car Dealers","true","true",58332.99135088383,"virginia"
"04000US53","Washington",2020,"2020","4411","Car Dealers","true","true",60940.56791671892,"washington"
"04000US54","West Virginia",2020,"2020","4411","Car Dealers","true","true",43443.480192719486,"west-virginia"
"04000US55","Wisconsin",2020,"2020","4411","Car Dealers","true","true",51190.14822427772,"wisconsin"
"04000US56","Wyoming",2020,"2020","4411","Car Dealers","true","true",47322.57986870897,"wyoming"
"04000US72","Puerto Rico",2019,"2019","4411","Car Dealers","true","true",23759.77791354819,"puerto-rico"
"04000US01","Alabama",2019,"2019","4411","Car Dealers","true","true",46715.96883531654,"alabama"
"04000US02","Alaska",2019,"2019","4411","Car Dealers","true","true",54420.14792576419,"alaska"
"04000US04","Arizona",2019,"2019","4411","Car Dealers","true","true",55671.94073174961,"arizona"
"04000US05","Arkansas",2019,"2019","4411","Car Dealers","true","true",52377.22149467435,"arkansas"
"04000US06","California",2019,"2019","4411","Car Dealers","true","true",58334.642165368474,"california"
"04000US08","Colorado",2019,"2019","4411","Car Dealers","true","true",59024.90172910663,"colorado"
"04000US09","Connecticut",2019,"2019","4411","Car Dealers","true","true",56440.48361290323,"connecticut"
"04000US10","Delaware",2019,"2019","4411","Car Dealers","true","true",50349.26242267012,"delaware"
"04000US11","District of Columbia",2019,"2019","4411","Car Dealers","true","true",41237.04006968641,"district-of-columbia"
"04000US12","Florida",2019,"2019","4411","Car Dealers","true","true",53882.60461032534,"florida"
"04000US13","Georgia",2019,"2019","4411","Car Dealers","true","true",57424.95262020801,"georgia"
"04000US15","Hawaii",2019,"2019","4411","Car Dealers","true","true",56628.1734799751,"hawaii"
"04000US16","Idaho",2019,"2019","4411","Car Dealers","true","true",49315.16001685867,"idaho"
"04000US17","Illinois",2019,"2019","4411","Car Dealers","true","true",53905.20284915964,"illinois"
"04000US18","Indiana",2019,"2019","4411","Car Dealers","true","true",52525.80056109947,"indiana"
"04000US19","Iowa",2019,"2019","4411","Car Dealers","true","true",51471.053782464085,"iowa"
"04000US20","Kansas",2019,"2019","4411","Car Dealers","true","true",52238.46771680803,"kansas"
"04000US21","Kentucky",2019,"2019","4411","Car Dealers","true","true",48474.053866895454,"kentucky"
"04000US22","Louisiana",2019,"2019","4411","Car Dealers","true","true",57028.11582764505,"louisiana"
"04000US23","Maine",2019,"2019","4411","Car Dealers","true","true",47779.6418007476,"maine"
"04000US24","Maryland",2019,"2019","4411","Car Dealers","true","true",58338.236850824156,"maryland"
"04000US25","Massachusetts",2019,"2019","4411","Car Dealers","true","true",55171.49758775578,"massachusetts"
"04000US26","Michigan",2019,"2019","4411","Car Dealers","true","true",55418.10130601053,"michigan"
"04000US27","Minnesota",2019,"2019","4411","Car Dealers","true","true",51367.04123516338,"minnesota"
"04000US28","Mississippi",2019,"2019","4411","Car Dealers","true","true",46695.27225866917,"mississippi"
"04000US29","Missouri",2019,"2019","4411","Car Dealers","true","true",51716.814864144915,"missouri"
"04000US30","Montana",2019,"2019","4411","Car Dealers","true","true",49844.132971856445,"montana"
"04000US31","Nebraska",2019,"2019","4411","Car Dealers","true","true",57039.24656585479,"nebraska"
"04000US32","Nevada",2019,"2019","4411","Car Dealers","true","true",58552.11451024417,"nevada"
"04000US33","New Hampshire",2019,"2019","4411","Car Dealers","true","true",52338.562625427934,"new-hampshire"
"04000US34","New Jersey",2019,"2019","4411","Car Dealers","true","true",61005.11575618672,"new-jersey"
"04000US35","New Mexico",2019,"2019","4411","Car Dealers","true","true",41776.181912547036,"new-mexico"
"04000US36","New York",2019,"2019","4411","Car Dealers","true","true",54738.74190841972,"new-york"
"04000US37","North Carolina",2019,"2019","4411","Car Dealers","true","true",50668.293205073795,"north-carolina"
"04000US38","North Dakota",2019,"2019","4411","Car Dealers","true","true",47825.72631809232,"north-dakota"
"04000US39","Ohio",2019,"2019","4411","Car Dealers","true","true",52281.36438662466,"ohio"
"04000US40","Oklahoma",2019,"2019","4411","Car Dealers","true","true",54722.044347095536,"oklahoma"
"04000US41","Oregon",2019,"2019","4411","Car Dealers","true","true",59945.94534748715,"oregon"
"04000US42","Pennsylvania",2019,"2019","4411","Car Dealers","true","true",51021.88355526919,"pennsylvania"
"04000US44","Rhode Island",2019,"2019","4411","Car Dealers","true","true",48933.16353424066,"rhode-island"
"04000US45","South Carolina",2019,"2019","4411","Car Dealers","true","true",52996.04877115808,"south-carolina"
"04000US46","South Dakota",2019,"2019","4411","Car Dealers","true","true",56341.7624750499,"south-dakota"
"04000US47","Tennessee",2019,"2019","4411","Car Dealers","true","true",52436.62913159141,"tennessee"
"04000US48","Texas",2019,"2019","4411","Car Dealers","true","true",57206.854563926885,"texas"
"04000US49","Utah",2019,"2019","4411","Car Dealers","true","true",57241.66406966086,"utah"
"04000US50","Vermont",2019,"2019","4411","Car Dealers","true","true",56857.96822033898,"vermont"
"04000US51","Virginia",2019,"2019","4411","Car Dealers","true","true",58502.06508699881,"virginia"
"04000US53","Washington",2019,"2019","4411","Car Dealers","true","true",56759.81469895181,"washington"
"04000US54","West Virginia",2019,"2019","4411","Car Dealers","true","true",44343.94052834196,"west-virginia"
"04000US55","Wisconsin",2019,"2019","4411","Car Dealers","true","true",47327.84601024745,"wisconsin"
"04000US56","Wyoming",2019,"2019","4411","Car Dealers","true","true",56210.95128939828,"wyoming"
"04000US72","Puerto Rico",2018,"2018","4411","Car Dealers","true","true",23294.44982044982,"puerto-rico"
"04000US01","Alabama",2018,"2018","4411","Car Dealers","true","true",45521.942995372316,"alabama"
"04000US02","Alaska",2018,"2018","4411","Car Dealers","true","true",55695.94091114118,"alaska"
"04000US04","Arizona",2018,"2018","4411","Car Dealers","true","true",54758.74567910676,"arizona"
"04000US05","Arkansas",2018,"2018","4411","Car Dealers","true","true",51415.7185760081,"arkansas"
"04000US06","California",2018,"2018","4411","Car Dealers","true","true",55913.76652554677,"california"
"04000US08","Colorado",2018,"2018","4411","Car Dealers","true","true",57068.52445748394,"colorado"
"04000US09","Connecticut",2018,"2018","4411","Car Dealers","true","true",58270.55619360131,"connecticut"
"04000US10","Delaware",2018,"2018","4411","Car Dealers","true","true",48247.46603075725,"delaware"
"04000US11","District of Columbia",2018,"2018","4411","Car Dealers","true","true",44750.1489001692,"district-of-columbia"
"04000US12","Florida",2018,"2018","4411","Car Dealers","true","true",53196.709445730245,"florida"
"04000US13","Georgia",2018,"2018","4411","Car Dealers","true","true",55129.899698802554,"georgia"
"04000US15","Hawaii",2018,"2018","4411","Car Dealers","true","true",55227.5196299639,"hawaii"
"04000US16","Idaho",2018,"2018","4411","Car Dealers","true","true",49557.26828579498,"idaho"
"04000US17","Illinois",2018,"2018","4411","Car Dealers","true","true",52524.78558309384,"illinois"
"04000US18","Indiana",2018,"2018","4411","Car Dealers","true","true",48939.698394535175,"indiana"
"04000US19","Iowa",2018,"2018","4411","Car Dealers","true","true",49867.994583847525,"iowa"
"04000US20","Kansas",2018,"2018","4411","Car Dealers","true","true",48179.75283185841,"kansas"
"04000US21","Kentucky",2018,"2018","4411","Car Dealers","true","true",44566.52564823493,"kentucky"
"04000US22","Louisiana",2018,"2018","4411","Car Dealers","true","true",58846.594678083675,"louisiana"
"04000US23","Maine",2018,"2018","4411","Car Dealers","true","true",44974.8133658091,"maine"
"04000US24","Maryland",2018,"2018","4411","Car Dealers","true","true",57440.75059734695,"maryland"
"04000US25","Massachusetts",2018,"2018","4411","Car Dealers","true","true",54023.283385250215,"massachusetts"
"04000US26","Michigan",2018,"2018","4411","Car Dealers","true","true",52773.32637933116,"michigan"
"04000US27","Minnesota",2018,"2018","4411","Car Dealers","true","true",52032.413086482375,"minnesota"
"04000US28","Mississippi",2018,"2018","4411","Car Dealers","true","true",46058.98289828983,"mississippi"
"04000US29","Missouri",2018,"2018","4411","Car Dealers","true","true",47728.142493257415,"missouri"
"04000US30","Montana",2018,"2018","4411","Car Dealers","true","true",47545.79142556549,"montana"
"04000US31","Nebraska",2018,"2018","4411","Car Dealers","true","true",55642.96161568442,"nebraska"
"04000US32","Nevada",2018,"2018","4411","Car Dealers","true","true",54868.513223063266,"nevada"
"04000US33","New Hampshire",2018,"2018","4411","Car Dealers","true","true",49717.27864911276,"new-hampshire"
"04000US34","New Jersey",2018,"2018","4411","Car Dealers","true","true",58891.65550793467,"new-jersey"
"04000US35","New Mexico",2018,"2018","4411","Car Dealers","true","true",42981.99826597306,"new-mexico"
"04000US36","New York",2018,"2018","4411","Car Dealers","true","true",51956.35571402111,"new-york"
"04000US37","North Carolina",2018,"2018","4411","Car Dealers","true","true",49652.84966555966,"north-carolina"
"04000US38","North Dakota",2018,"2018","4411","Car Dealers","true","true",51343.2077540107,"north-dakota"
"04000US39","Ohio",2018,"2018","4411","Car Dealers","true","true",52122.61319076687,"ohio"
"04000US40","Oklahoma",2018,"2018","4411","Car Dealers","true","true",54053.09731858241,"oklahoma"
"04000US41","Oregon",2018,"2018","4411","Car Dealers","true","true",55088.45576923077,"oregon"
"04000US42","Pennsylvania",2018,"2018","4411","Car Dealers","true","true",50834.36770901851,"pennsylvania"
"04000US44","Rhode Island",2018,"2018","4411","Car Dealers","true","true",48196.05800261666,"rhode-island"
"04000US45","South Carolina",2018,"2018","4411","Car Dealers","true","true",51259.10568860772,"south-carolina"
"04000US46","South Dakota",2018,"2018","4411","Car Dealers","true","true",54988.05953770722,"south-dakota"
"04000US47","Tennessee",2018,"2018","4411","Car Dealers","true","true",51487.72592535413,"tennessee"
"04000US48","Texas",2018,"2018","4411","Car Dealers","true","true",55558.587309697425,"texas"
"04000US49","Utah",2018,"2018","4411","Car Dealers","true","true",57348.473357306306,"utah"
"04000US50","Vermont",2018,"2018","4411","Car Dealers","true","true",59071.31745426829,"vermont"
"04000US51","Virginia",2018,"2018","4411","Car Dealers","true","true",57139.34846302963,"virginia"
"04000US53","Washington",2018,"2018","4411","Car Dealers","true","true",53615.36601729852,"washington"
"04000US54","West Virginia",2018,"2018","4411","Car Dealers","true","true",46727.33024691358,"west-virginia"
"04000US55","Wisconsin",2018,"2018","4411","Car Dealers","true","true",45916.46474525995,"wisconsin"
"04000US56","Wyoming",2018,"2018","4411","Car Dealers","true","true",53810.552083333336,"wyoming"
"04000US72","Puerto Rico",2017,"2017","4411","Car Dealers","true","true",25582.628221301136,"puerto-rico"
"04000US01","Alabama",2017,"2017","4411","Car Dealers","true","true",44957.95171627199,"alabama"
"04000US02","Alaska",2017,"2017","4411","Car Dealers","true","true",56084.8954965358,"alaska"
"04000US04","Arizona",2017,"2017","4411","Car Dealers","true","true",50611.31341198386,"arizona"
"04000US05","Arkansas",2017,"2017","4411","Car Dealers","true","true",48369.66871267419,"arkansas"
"04000US06","California",2017,"2017","4411","Car Dealers","true","true",53990.5302940442,"california"
"04000US08","Colorado",2017,"2017","4411","Car Dealers","true","true",56228.338285484846,"colorado"
"04000US09","Connecticut",2017,"2017","4411","Car Dealers","true","true",56744.84513496098,"connecticut"
"04000US10","Delaware",2017,"2017","4411","Car Dealers","true","true",52360.357416634724,"delaware"
"04000US11","District of Columbia",2017,"2017","4411","Car Dealers","true","true",43974.238738738735,"district-of-columbia"
"04000US12","Florida",2017,"2017","4411","Car Dealers","true","true",51736.462604155095,"florida"
"04000US13","Georgia",2017,"2017","4411","Car Dealers","true","true",52857.25801676118,"georgia"
"04000US15","Hawaii",2017,"2017","4411","Car Dealers","true","true",50552.25137741047,"hawaii"
"04000US16","Idaho",2017,"2017","4411","Car Dealers","true","true",47577.15855803048,"idaho"
"04000US17","Illinois",2017,"2017","4411","Car Dealers","true","true",52497.57259731691,"illinois"
"04000US18","Indiana",2017,"2017","4411","Car Dealers","true","true",45818.534790514714,"indiana"
"04000US19","Iowa",2017,"2017","4411","Car Dealers","true","true",49674.49003228977,"iowa"
"04000US20","Kansas",2017,"2017","4411","Car Dealers","true","true",52385.38515868648,"kansas"
"04000US21","Kentucky",2017,"2017","4411","Car Dealers","true","true",43473.65992587294,"kentucky"
"04000US22","Louisiana",2017,"2017","4411","Car Dealers","true","true",56266.21843885802,"louisiana"
"04000US23","Maine",2017,"2017","4411","Car Dealers","true","true",43800.35500237831,"maine"
"04000US24","Maryland",2017,"2017","4411","Car Dealers","true","true",54127.375830406636,"maryland"
"04000US25","Massachusetts",2017,"2017","4411","Car Dealers","true","true",54065.02908764736,"massachusetts"
"04000US26","Michigan",2017,"2017","4411","Car Dealers","true","true",49048.710217385975,"michigan"
"04000US27","Minnesota",2017,"2017","4411","Car Dealers","true","true",49340.68359766057,"minnesota"
"04000US28","Mississippi",2017,"2017","4411","Car Dealers","true","true",44609.807939914164,"mississippi"
"04000US29","Missouri",2017,"2017","4411","Car Dealers","true","true",45502.15519332828,"missouri"
"04000US30","Montana",2017,"2017","4411","Car Dealers","true","true",47889.06333771354,"montana"
"04000US31","Nebraska",2017,"2017","4411","Car Dealers","true","true",50918.61874684184,"nebraska"
"04000US32","Nevada",2017,"2017","4411","Car Dealers","true","true",55581.94681139756,"nevada"
"04000US33","New Hampshire",2017,"2017","4411","Car Dealers","true","true",51333.46669004208,"new-hampshire"
"04000US34","New Jersey",2017,"2017","4411","Car Dealers","true","true",57387.487763565216,"new-jersey"
"04000US35","New Mexico",2017,"2017","4411","Car Dealers","true","true",44248.919224330355,"new-mexico"
"04000US36","New York",2017,"2017","4411","Car Dealers","true","true",51394.466084946114,"new-york"
"04000US37","North Carolina",2017,"2017","4411","Car Dealers","true","true",47667.77085309786,"north-carolina"
"04000US38","North Dakota",2017,"2017","4411","Car Dealers","true","true",47846.1467361492,"north-dakota"
"04000US39","Ohio",2017,"2017","4411","Car Dealers","true","true",49861.753787477486,"ohio"
"04000US40","Oklahoma",2017,"2017","4411","Car Dealers","true","true",50999.70476249922,"oklahoma"
"04000US41","Oregon",2017,"2017","4411","Car Dealers","true","true",49947.41248778899,"oregon"
"04000US42","Pennsylvania",2017,"2017","4411","Car Dealers","true","true",49117.17734694616,"pennsylvania"
"04000US44","Rhode Island",2017,"2017","4411","Car Dealers","true","true",44451.66411080881,"rhode-island"
"04000US45","South Carolina",2017,"2017","4411","Car Dealers","true","true",50461.70039987696,"south-carolina"
"04000US46","South Dakota",2017,"2017","4411","Car Dealers","true","true",52761.63519706691,"south-dakota"
"04000US47","Tennessee",2017,"2017","4411","Car Dealers","true","true",49680.0646086757,"tennessee"
"04000US48","Texas",2017,"2017","4411","Car Dealers","true","true",54322.494003072585,"texas"
"04000US49","Utah",2017,"2017","4411","Car Dealers","true","true",55240.6457835298,"utah"
"04000US50","Vermont",2017,"2017","4411","Car Dealers","true","true",58445.34882747068,"vermont"
"04000US51","Virginia",2017,"2017","4411","Car Dealers","true","true",53861.14012899607,"virginia"
"04000US53","Washington",2017,"2017","4411","Car Dealers","true","true",51450.19476864498,"washington"
"04000US54","West Virginia",2017,"2017","4411","Car Dealers","true","true",46183.73640754011,"west-virginia"
"04000US55","Wisconsin",2017,"2017","4411","Car Dealers","true","true",44578.17364977446,"wisconsin"
"04000US56","Wyoming",2017,"2017","4411","Car Dealers","true","true",56461.36157635468,"wyoming"
"04000US72","Puerto Rico",2016,"2016","4411","Car Dealers","true","true",26441.555030257186,"puerto-rico"
"04000US01","Alabama",2016,"2016","4411","Car Dealers","true","true",42603.904557761736,"alabama"
"04000US02","Alaska",2016,"2016","4411","Car Dealers","true","true",47207.648559282,"alaska"
"04000US04","Arizona",2016,"2016","4411","Car Dealers","true","true",49810.01326930368,"arizona"
"04000US05","Arkansas",2016,"2016","4411","Car Dealers","true","true",46111.05371133188,"arkansas"
"04000US06","California",2016,"2016","4411","Car Dealers","true","true",52475.42776908131,"california"
"04000US08","Colorado",2016,"2016","4411","Car Dealers","true","true",56570.11874076715,"colorado"
"04000US09","Connecticut",2016,"2016","4411","Car Dealers","true","true",52427.607214428856,"connecticut"
"04000US10","Delaware",2016,"2016","4411","Car Dealers","true","true",49675.362622036264,"delaware"
"04000US11","District of Columbia",2016,"2016","4411","Car Dealers","true","true",49471.85380116959,"district-of-columbia"
"04000US12","Florida",2016,"2016","4411","Car Dealers","true","true",50973.716255789805,"florida"
"04000US13","Georgia",2016,"2016","4411","Car Dealers","true","true",49987.189911053996,"georgia"
"04000US15","Hawaii",2016,"2016","4411","Car Dealers","true","true",46910.89697501096,"hawaii"
"04000US16","Idaho",2016,"2016","4411","Car Dealers","true","true",44318.17250829367,"idaho"
"04000US17","Illinois",2016,"2016","4411","Car Dealers","true","true",50173.603161051644,"illinois"
"04000US18","Indiana",2016,"2016","4411","Car Dealers","true","true",42954.829473920865,"indiana"
"04000US19","Iowa",2016,"2016","4411","Car Dealers","true","true",49293.66582932606,"iowa"
"04000US20","Kansas",2016,"2016","4411","Car Dealers","true","true",52419.53823668081,"kansas"
"04000US21","Kentucky",2016,"2016","4411","Car Dealers","true","true",43209.261783268434,"kentucky"
"04000US22","Louisiana",2016,"2016","4411","Car Dealers","true","true",53099.53379302146,"louisiana"
"04000US23","Maine",2016,"2016","4411","Car Dealers","true","true",45368.97565419013,"maine"
"04000US24","Maryland",2016,"2016","4411","Car Dealers","true","true",51809.52051681327,"maryland"
"04000US25","Massachusetts",2016,"2016","4411","Car Dealers","true","true",51306.82611069119,"massachusetts"
"04000US26","Michigan",2016,"2016","4411","Car Dealers","true","true",47860.173131788375,"michigan"
"04000US27","Minnesota",2016,"2016","4411","Car Dealers","true","true",49057.591186945196,"minnesota"
"04000US28","Mississippi",2016,"2016","4411","Car Dealers","true","true",45973.190235189046,"mississippi"
"04000US29","Missouri",2016,"2016","4411","Car Dealers","true","true",44495.068328036585,"missouri"
"04000US30","Montana",2016,"2016","4411","Car Dealers","true","true",47084.28744286099,"montana"
"04000US31","Nebraska",2016,"2016","4411","Car Dealers","true","true",50653.06368921776,"nebraska"
"04000US32","Nevada",2016,"2016","4411","Car Dealers","true","true",51743.44251000838,"nevada"
"04000US33","New Hampshire",2016,"2016","4411","Car Dealers","true","true",50131.303573591766,"new-hampshire"
"04000US34","New Jersey",2016,"2016","4411","Car Dealers","true","true",57056.911199489965,"new-jersey"
"04000US35","New Mexico",2016,"2016","4411","Car Dealers","true","true",40756.72671888599,"new-mexico"
"04000US36","New York",2016,"2016","4411","Car Dealers","true","true",50127.017514295454,"new-york"
"04000US37","North Carolina",2016,"2016","4411","Car Dealers","true","true",44944.021667678,"north-carolina"
"04000US38","North Dakota",2016,"2016","4411","Car Dealers","true","true",52837.21507643648,"north-dakota"
"04000US39","Ohio",2016,"2016","4411","Car Dealers","true","true",47289.95912748835,"ohio"
"04000US40","Oklahoma",2016,"2016","4411","Car Dealers","true","true",52780.421123444336,"oklahoma"
"04000US41","Oregon",2016,"2016","4411","Car Dealers","true","true",47061.23557577209,"oregon"
"04000US42","Pennsylvania",2016,"2016","4411","Car Dealers","true","true",46994.7343446624,"pennsylvania"
"04000US44","Rhode Island",2016,"2016","4411","Car Dealers","true","true",43741.8321133412,"rhode-island"
"04000US45","South Carolina",2016,"2016","4411","Car Dealers","true","true",49831.50412989364,"south-carolina"
"04000US46","South Dakota",2016,"2016","4411","Car Dealers","true","true",50888.22794800371,"south-dakota"
"04000US47","Tennessee",2016,"2016","4411","Car Dealers","true","true",48376.13349345316,"tennessee"
"04000US48","Texas",2016,"2016","4411","Car Dealers","true","true",52201.21316517417,"texas"
"04000US49","Utah",2016,"2016","4411","Car Dealers","true","true",54271.82585774782,"utah"
"04000US50","Vermont",2016,"2016","4411","Car Dealers","true","true",57482.18483591098,"vermont"
"04000US51","Virginia",2016,"2016","4411","Car Dealers","true","true",51397.94770999972,"virginia"
"04000US53","Washington",2016,"2016","4411","Car Dealers","true","true",48905.71353633572,"washington"
"04000US54","West Virginia",2016,"2016","4411","Car Dealers","true","true",49738.70738930845,"west-virginia"
"04000US55","Wisconsin",2016,"2016","4411","Car Dealers","true","true",41013.77542927056,"wisconsin"
"04000US56","Wyoming",2016,"2016","4411","Car Dealers","true","true",53602.98080614203,"wyoming"
"04000US72","Puerto Rico",2015,"2015","4411","Car Dealers","true","true",26209.918429578807,"puerto-rico"
"04000US01","Alabama",2015,"2015","4411","Car Dealers","true","true",42515.583847676724,"alabama"
"04000US02","Alaska",2015,"2015","4411","Car Dealers","true","true",45230.79851537646,"alaska"
"04000US04","Arizona",2015,"2015","4411","Car Dealers","true","true",48433.87455149501,"arizona"
"04000US05","Arkansas",2015,"2015","4411","Car Dealers","true","true",43403.15834227689,"arkansas"
"04000US06","California",2015,"2015","4411","Car Dealers","true","true",50739.73657775516,"california"
"04000US08","Colorado",2015,"2015","4411","Car Dealers","true","true",54230.442184747044,"colorado"
"04000US09","Connecticut",2015,"2015","4411","Car Dealers","true","true",53372.404814004374,"connecticut"
"04000US10","Delaware",2015,"2015","4411","Car Dealers","true","true",49609.944324217984,"delaware"
"04000US11","District of Columbia",2015,"2015","4411","Car Dealers","true","true",50573.01960784314,"district-of-columbia"
"04000US12","Florida",2015,"2015","4411","Car Dealers","true","true",50053.42488892198,"florida"
"04000US13","Georgia",2015,"2015","4411","Car Dealers","true","true",48461.47600231545,"georgia"
"04000US15","Hawaii",2015,"2015","4411","Car Dealers","true","true",42931.8,"hawaii"
"04000US16","Idaho",2015,"2015","4411","Car Dealers","true","true",43342.13258550938,"idaho"
"04000US17","Illinois",2015,"2015","4411","Car Dealers","true","true",47958.59599614086,"illinois"
"04000US18","Indiana",2015,"2015","4411","Car Dealers","true","true",43577.01990106983,"indiana"
"04000US19","Iowa",2015,"2015","4411","Car Dealers","true","true",49990.344746916206,"iowa"
"04000US20","Kansas",2015,"2015","4411","Car Dealers","true","true",50277.39524369292,"kansas"
"04000US21","Kentucky",2015,"2015","4411","Car Dealers","true","true",43571.90138211925,"kentucky"
"04000US22","Louisiana",2015,"2015","4411","Car Dealers","true","true",51663.070813106795,"louisiana"
"04000US23","Maine",2015,"2015","4411","Car Dealers","true","true",45584.806075167326,"maine"
"04000US24","Maryland",2015,"2015","4411","Car Dealers","true","true",50723.71084786481,"maryland"
"04000US25","Massachusetts",2015,"2015","4411","Car Dealers","true","true",49585.59384076542,"massachusetts"
"04000US26","Michigan",2015,"2015","4411","Car Dealers","true","true",46193.6501761293,"michigan"
"04000US27","Minnesota",2015,"2015","4411","Car Dealers","true","true",46281.01823281907,"minnesota"
"04000US28","Mississippi",2015,"2015","4411","Car Dealers","true","true",43508.71212770516,"mississippi"
"04000US29","Missouri",2015,"2015","4411","Car Dealers","true","true",43166.34891966297,"missouri"
"04000US30","Montana",2015,"2015","4411","Car Dealers","true","true",46927.043214556485,"montana"
"04000US31","Nebraska",2015,"2015","4411","Car Dealers","true","true",45309.02807357212,"nebraska"
"04000US32","Nevada",2015,"2015","4411","Car Dealers","true","true",48019.828255940054,"nevada"
"04000US33","New Hampshire",2015,"2015","4411","Car Dealers","true","true",52132.58436708016,"new-hampshire"
"04000US34","New Jersey",2015,"2015","4411","Car Dealers","true","true",57800.86081261525,"new-jersey"
"04000US35","New Mexico",2015,"2015","4411","Car Dealers","true","true",39127.16563534321,"new-mexico"
"04000US36","New York",2015,"2015","4411","Car Dealers","true","true",49967.54317823344,"new-york"
"04000US37","North Carolina",2015,"2015","4411","Car Dealers","true","true",43273.750821349706,"north-carolina"
"04000US38","North Dakota",2015,"2015","4411","Car Dealers","true","true",47051.47748489841,"north-dakota"
"04000US39","Ohio",2015,"2015","4411","Car Dealers","true","true",45544.22747421549,"ohio"
"04000US40","Oklahoma",2015,"2015","4411","Car Dealers","true","true",53865.16230161322,"oklahoma"
"04000US41","Oregon",2015,"2015","4411","Car Dealers","true","true",46463.810712015256,"oregon"
"04000US42","Pennsylvania",2015,"2015","4411","Car Dealers","true","true",46425.54612391062,"pennsylvania"
"04000US44","Rhode Island",2015,"2015","4411","Car Dealers","true","true",44849.66466056812,"rhode-island"
"04000US45","South Carolina",2015,"2015","4411","Car Dealers","true","true",47040.58482329726,"south-carolina"
"04000US46","South Dakota",2015,"2015","4411","Car Dealers","true","true",46536.5360297536,"south-dakota"
"04000US47","Tennessee",2015,"2015","4411","Car Dealers","true","true",47196.83454831044,"tennessee"
"04000US48","Texas",2015,"2015","4411","Car Dealers","true","true",49117.64380580776,"texas"
"04000US49","Utah",2015,"2015","4411","Car Dealers","true","true",51669.901005773885,"utah"
"04000US50","Vermont",2015,"2015","4411","Car Dealers","true","true",50712.569649295314,"vermont"
"04000US51","Virginia",2015,"2015","4411","Car Dealers","true","true",51357.10453322293,"virginia"
"04000US53","Washington",2015,"2015","4411","Car Dealers","true","true",48571.47193504016,"washington"
"04000US54","West Virginia",2015,"2015","4411","Car Dealers","true","true",48098.42812187098,"west-virginia"
"04000US55","Wisconsin",2015,"2015","4411","Car Dealers","true","true",42496.672155427776,"wisconsin"
"04000US56","Wyoming",2015,"2015","4411","Car Dealers","true","true",48386.66366836136,"wyoming"
"04000US72","Puerto Rico",2014,"2014","4411","Car Dealers","true","true",27956.065432791176,"puerto-rico"
"04000US01","Alabama",2014,"2014","4411","Car Dealers","true","true",42013.20123380629,"alabama"
"04000US02","Alaska",2014,"2014","4411","Car Dealers","true","true",46291.50914127424,"alaska"
"04000US04","Arizona",2014,"2014","4411","Car Dealers","true","true",49125.213040252274,"arizona"
"04000US05","Arkansas",2014,"2014","4411","Car Dealers","true","true",40909.16084361321,"arkansas"
"04000US06","California",2014,"2014","4411","Car Dealers","true","true",50864.4084720121,"california"
"04000US08","Colorado",2014,"2014","4411","Car Dealers","true","true",52326.778552837066,"colorado"
"04000US09","Connecticut",2014,"2014","4411","Car Dealers","true","true",54250.251865398684,"connecticut"
"04000US10","Delaware",2014,"2014","4411","Car Dealers","true","true",49578.601253511995,"delaware"
"04000US11","District of Columbia",2014,"2014","4411","Car Dealers","true","true",61995.80882352941,"district-of-columbia"
"04000US12","Florida",2014,"2014","4411","Car Dealers","true","true",48721.889480073354,"florida"
"04000US13","Georgia",2014,"2014","4411","Car Dealers","true","true",47934.075150508615,"georgia"
"04000US15","Hawaii",2014,"2014","4411","Car Dealers","true","true",43888.24561813508,"hawaii"
"04000US16","Idaho",2014,"2014","4411","Car Dealers","true","true",42886.81894618834,"idaho"
"04000US17","Illinois",2014,"2014","4411","Car Dealers","true","true",48979.363733262275,"illinois"
"04000US18","Indiana",2014,"2014","4411","Car Dealers","true","true",43640.32523627275,"indiana"
"04000US19","Iowa",2014,"2014","4411","Car Dealers","true","true",48438.24045915325,"iowa"
"04000US20","Kansas",2014,"2014","4411","Car Dealers","true","true",52610.88455718736,"kansas"
"04000US21","Kentucky",2014,"2014","4411","Car Dealers","true","true",44087.90263139527,"kentucky"
"04000US22","Louisiana",2014,"2014","4411","Car Dealers","true","true",48945.11443361754,"louisiana"
"04000US23","Maine",2014,"2014","4411","Car Dealers","true","true",42484.4756352245,"maine"
"04000US24","Maryland",2014,"2014","4411","Car Dealers","true","true",51380.45409998202,"maryland"
"04000US25","Massachusetts",2014,"2014","4411","Car Dealers","true","true",50080.5131460065,"massachusetts"
"04000US26","Michigan",2014,"2014","4411","Car Dealers","true","true",46032.13810508229,"michigan"
"04000US27","Minnesota",2014,"2014","4411","Car Dealers","true","true",47473.04388597149,"minnesota"
"04000US28","Mississippi",2014,"2014","4411","Car Dealers","true","true",46217.14598968105,"mississippi"
"04000US29","Missouri",2014,"2014","4411","Car Dealers","true","true",44659.00579907897,"missouri"
"04000US30","Montana",2014,"2014","4411","Car Dealers","true","true",48109.79471698113,"montana"
"04000US31","Nebraska",2014,"2014","4411","Car Dealers","true","true",43955.397757339044,"nebraska"
"04000US32","Nevada",2014,"2014","4411","Car Dealers","true","true",45253.78140862944,"nevada"
"04000US33","New Hampshire",2014,"2014","4411","Car Dealers","true","true",54014.40347463516,"new-hampshire"
"04000US34","New Jersey",2014,"2014","4411","Car Dealers","true","true",58735.252395442185,"new-jersey"
"04000US35","New Mexico",2014,"2014","4411","Car Dealers","true","true",40164.20817530552,"new-mexico"
"04000US36","New York",2014,"2014","4411","Car Dealers","true","true",49819.86788827831,"new-york"
"04000US37","North Carolina",2014,"2014","4411","Car Dealers","true","true",44175.51591730442,"north-carolina"
"04000US38","North Dakota",2014,"2014","4411","Car Dealers","true","true",46941.64333132166,"north-dakota"
"04000US39","Ohio",2014,"2014","4411","Car Dealers","true","true",44843.32015496851,"ohio"
"04000US40","Oklahoma",2014,"2014","4411","Car Dealers","true","true",53172.698163265304,"oklahoma"
"04000US41","Oregon",2014,"2014","4411","Car Dealers","true","true",44722.75216554379,"oregon"
"04000US42","Pennsylvania",2014,"2014","4411","Car Dealers","true","true",45258.000263385635,"pennsylvania"
"04000US44","Rhode Island",2014,"2014","4411","Car Dealers","true","true",49406.02750929368,"rhode-island"
"04000US45","South Carolina",2014,"2014","4411","Car Dealers","true","true",45064.07506443299,"south-carolina"
"04000US46","South Dakota",2014,"2014","4411","Car Dealers","true","true",46531.19964428635,"south-dakota"
"04000US47","Tennessee",2014,"2014","4411","Car Dealers","true","true",46902.620151823125,"tennessee"
"04000US48","Texas",2014,"2014","4411","Car Dealers","true","true",48380.4741684781,"texas"
"04000US49","Utah",2014,"2014","4411","Car Dealers","true","true",48758.417789473686,"utah"
"04000US50","Vermont",2014,"2014","4411","Car Dealers","true","true",44825.92613636364,"vermont"
"04000US51","Virginia",2014,"2014","4411","Car Dealers","true","true",49398.996220036875,"virginia"
"04000US53","Washington",2014,"2014","4411","Car Dealers","true","true",47436.193462526266,"washington"
"04000US54","West Virginia",2014,"2014","4411","Car Dealers","true","true",47315.24803205954,"west-virginia"
"04000US55","Wisconsin",2014,"2014","4411","Car Dealers","true","true",43389.74542486468,"wisconsin"
"04000US56","Wyoming",2014,"2014","4411","Car Dealers","true","true",46950.44452830189,"wyoming"